id;first_name;last_name;email;phone_number
1;Orval;Larson;Howard35@hotmail.com;quotation stormy however
2;Joannie;Raynor;Cindy_Hyatt@gmail.com;superficial
3;Concepcion;Pagac;Thad.Marvin@yahoo.com;awkwardly geez due
4;Tomas;O'Kon-Shields;Ethelyn93@yahoo.com;treat however intern
5;Brandon;Gibson;Emmett_DAmore-Ullrich@yahoo.com;under meanwhile finalise
6;Tyson;Medhurst;Bernita48@hotmail.com;pfft paramecium up
7;Renee;Nolan;Erin_Wisoky42@yahoo.com;yahoo
8;Adele;Schroeder;Donald.Cremin82@hotmail.com;quirky underneath overview
9;Kole;Bins;Rashad_Lindgren@gmail.com;phooey
10;Francesca;Goldner;Ofelia56@gmail.com;nourish
